,AdaBoost_50,_id,buy_and_hold_50,elonmusk,katyperry,teslamotors,returns
33,0.00173411653571,578200e64a72502142286c2b,-0.00301725583336,0.402421194305,0.00133122278835,0.596247582906,0.00475137236908
4,0.000971284493086,5781fdd34a72502141cf4d89,-0.00275329903217,0.899548704876,0.00230937185423,0.0981419232697,0.00372458352526
164,-2.75317709889e-05,5782105b4a725031900cd807,-0.00306580814018,0.253938803208,0.000328632988881,0.745732563803,0.00303827636919
16,-0.000886074984594,5781feed4a72502141cf4d8c,-0.00326537910303,0.703140041451,0.00596869992504,0.290891258624,0.00237930411844
162,0.000534178923187,578210244a725031900cd806,-0.00175210030876,0.28155786268,0.406864589377,0.311577547943,0.00228627923194
96,0.000131305656787,578207a84a72502143184c24,-0.00187359738267,0.321082696477,0.37699522716,0.301922076363,0.00200490303946
41,5.50646195637e-05,578201c34a72502142286c2d,-0.00194274983183,0.271041821824,0.389978216373,0.338979961803,0.00199781445139
246,0.000128268489098,578247034a72503837205c13,-0.00186947150269,0.390675503745,0.286905942775,0.32241855348,0.00199773999179
156,7.62858128401e-05,57820fb24a7250318e71fd42,-0.00190473922139,0.500932429808,0.218852016953,0.280215553239,0.00198102503423
250,3.73373411499e-05,578247704a72503837205c14,-0.00193639870085,0.0859140322507,0.224305292482,0.689780675267,0.001973736042
50,0.000285573810922,578202d84a7250214490fb05,-0.00165374145162,0.18731389438,0.278112047934,0.534574057686,0.00193931526254
247,-0.000172579223251,5782471b4a72503834a8d196,-0.00203747136341,0.248771125227,0.636122520145,0.115106354627,0.00186489214016
137,0.000253435314498,57820d984a7250318f3d8a0c,-0.00159983685751,0.268624038917,0.369728498358,0.361647462725,0.00185327217201
64,-6.71102311761e-05,578204394a72502143184c1c,-0.00191066862293,0.324800747758,0.310064186749,0.365135065493,0.00184355839175
216,0.000319507731697,578243dd4a7250383670aa39,-0.00152195429672,0.355706269154,0.456927872369,0.187365858477,0.00184146202841
127,0.000119213249374,57820c4f4a7250318d1eb126,-0.00172100426055,0.398969595594,0.438325484686,0.162704919719,0.00184021750993
114,-0.000418343558148,57820b014a725031900cd7fa,-0.00214071340402,0.0498151295955,0.255312393224,0.69487247718,0.00172236984587
39,-2.98413580699e-05,5782018e4a72502141cf4d92,-0.00174600705252,0.243842117322,0.490038307257,0.266119575421,0.00171616569445
138,-0.000100512099555,57820d984a7250318d1eb129,-0.001788174242,0.322461749104,0.0658119169182,0.611726333978,0.00168766214245
28,-0.000223851802282,578200404a72502141cf4d8f,-0.00186873729734,0.428276893906,0.479717693726,0.0920054123681,0.00164488549505
139,-8.39910801316e-05,57820d984a7250318e71fd3d,-0.00171867849196,0.188302649168,0.333902505914,0.477794844918,0.00163468741183
130,-0.000355406193735,57820cbc4a7250318e71fd3b,-0.0019845314773,0.243347911673,0.208284245512,0.548367842815,0.00162912528356
178,-0.000263158622535,578211cc4a7250318f3d8a16,-0.00188546014649,0.222004451431,0.371459851385,0.406535697185,0.00162230152396
15,-0.000266241783804,5781feed4a72502143184c10,-0.00187818863862,0.370821160521,0.344066881969,0.28511195751,0.00161194685481
153,-0.000550494427467,57820f4a4a725031900cd804,-0.00216028603758,0.377739153704,0.183817856405,0.438442989892,0.00160979161011
166,-0.000346913390526,578210874a7250318e71fd44,-0.00195547944534,0.0105480000342,0.532234272059,0.457217727907,0.00160856605482
197,-0.000252982838854,578213d94a7250318d1eb138,-0.00185960255015,0.252640716629,0.332116885771,0.415242397601,0.00160661971129
181,-0.000301285911057,578212304a7250318d1eb134,-0.00189190157061,0.0733531763574,0.561374050911,0.365272772732,0.00159061565955
134,-0.000686351027917,57820d2b4a7250318e71fd3c,-0.00226112526696,0.109429221692,0.426540962247,0.464029816061,0.00157477423905
208,-0.00043719485233,578242f74a7250383670aa37,-0.0019922096514,0.138669463029,0.294330108822,0.567000428149,0.00155501479907
51,-0.000103766888585,578202e24a72502141cf4d95,-0.00164228601887,0.228510289668,0.380258488556,0.391231221776,0.00153851913028
71,-5.0689317685e-05,5782050d4a72502141cf4d9a,-0.00158115498517,0.330516778265,0.119594795494,0.549888426241,0.00153046566748
198,-0.000642114806518,578213e44a7250318f3d8a1b,-0.00216610886164,0.0797891741125,0.628416589153,0.291794236735,0.00152399405512
151,-0.000720429124321,57820ee14a7250318f3d8a0f,-0.00222921806214,0.0694339411813,0.241815837244,0.688750221575,0.00150878893782
185,-0.000169513582244,5782129c4a7250318d1eb135,-0.00166767314092,0.342428360024,0.364478916478,0.293092723497,0.00149815955868
67,-0.000234863068788,578204a14a72502141cf4d99,-0.00171145760877,0.418994950815,0.385901785954,0.195103263231,0.00147659453998
22,-0.000339499429681,5781ffcc4a72502143184c12,-0.00180206129773,0.420953044747,0.330557593909,0.248489361343,0.00146256186805
175,-0.000593921776015,578211624a7250318e71fd46,-0.00200934295249,0.235252800706,0.514693097735,0.250054101558,0.00141542117648
150,-0.000351378476167,57820edf4a725031900cd803,-0.00176545556204,0.0627944314018,0.10171018582,0.835495382778,0.00141407708587
249,-0.000345537753899,5782476d4a72503835bf9c00,-0.0017543236324,0.427166809169,0.170306159983,0.402527030848,0.0014087858785
211,-0.000448174501709,5782432e4a72503835bf9bf6,-0.00183830880747,0.283686227209,0.46217977189,0.2541340009,0.00139013430576
239,-0.000376084233304,5782463f4a72503834a8d194,-0.00174946242465,0.299080633515,0.407656841475,0.293262525009,0.00137337819134
174,-0.000512730370368,578211614a7250318f3d8a15,-0.00183923314923,0.283116471187,0.427271971697,0.289611557116,0.00132650277887
233,-0.000646753196022,578245c04a72503835bf9bfc,-0.00193888924185,0.185702722604,0.357076938521,0.457220338876,0.00129213604583
176,-0.000642308279515,578211a24a725031900cd80a,-0.00192529847486,0.290423100459,0.183575231769,0.526001667772,0.00128299019534
146,-0.000454508190873,57820e714a725031900cd802,-0.0017270505698,0.352541853092,0.357536744502,0.289921402406,0.00127254237892
222,-0.000510008790595,5782447a4a72503837205c0d,-0.00174965325373,0.136245741686,0.18088304696,0.682871211354,0.00123964446313
207,-0.000460603860242,578242be4a72503837205c09,-0.00169339678387,0.329462350151,0.351771160657,0.318766489192,0.00123279292362
45,-0.000590123910797,578202354a72502142286c2e,-0.00182015172432,0.234880596707,0.271485667229,0.493633736063,0.00123002781352
12,-0.000526592850379,5781feb54a72502141cf4d8b,-0.00173718043809,0.277107609684,0.68159247527,0.0412999150458,0.00121058758771
163,-0.00053342229573,5782102a4a7250318f3d8a12,-0.00173490455762,0.599553715176,0.077572061922,0.322874222902,0.00120148226189
1,-0.00045168926025,5781fd954a72502141cf4d88,-0.00163949107605,0.0418613999384,0.306642337792,0.65149626227,0.0011878018158
242,-0.000693718347415,578246984a72503837205c12,-0.00188076463158,0.360891837667,0.545597270009,0.0935108923242,0.00118704628416
57,-0.000893510816258,578203854a72502142286c31,-0.00206942821368,0.0529002804522,0.0987512511149,0.848348468433,0.00117591739742
40,-0.000935195793806,578201914a72502143184c16,-0.00210504251827,0.242578095749,0.543891112704,0.213530791547,0.00116984672446
192,-0.000826066090611,578213564a725031900cd80e,-0.00198083535964,0.403754614794,0.0667254383128,0.529519946893,0.00115476926902
92,-0.000953881374305,578207404a72502143184c23,-0.00209617952139,0.144991697498,0.563957928166,0.291050374337,0.00114229814708
243,-0.000567256837888,578246b04a72503834a8d195,-0.00170635036157,0.358508443642,0.324431699289,0.317059857068,0.00113909352368
202,-0.000866517614215,5782424f4a72503837205c08,-0.00196837056358,0.353570095649,0.57944675295,0.0669831514006,0.00110185294937
219,-0.000573882089059,5782440e4a72503837205c0c,-0.00167569456665,0.0236971361177,0.717783328518,0.258519535364,0.0011018124776
18,-0.000593680279718,5781ff594a72502143184c11,-0.00169116077894,0.189192437188,0.5251078448,0.285699718012,0.00109748049923
193,-0.000990952820917,578213764a7250318d1eb137,-0.00207521201349,0.147624903518,0.643648985199,0.208726111283,0.00108425919257
56,-0.000747094459026,578203544a72502143184c1a,-0.00182471955882,0.450485330698,0.263890465355,0.285624203946,0.00107762509979
135,-0.000723103461044,57820d2c4a7250318d1eb128,-0.00179165387651,0.0431551367847,0.50008785606,0.456757007156,0.00106855041546
102,-0.00101837149243,578209b14a7250318f3d8a03,-0.00208265472039,0.639965214273,0.206922438799,0.153112346928,0.00106428322796
168,-0.000844573395713,578210c74a725031900cd808,-0.00190590421138,0.159097117595,0.368657157335,0.47224572507,0.00106133081567
172,-0.00104581035004,578211344a725031900cd809,-0.00208734897094,0.506968097742,0.380531222489,0.11250067977,0.0010415386209
183,-0.000921563014379,5782123e4a7250318e71fd48,-0.0019597247238,0.216261491309,0.360288777803,0.423449730889,0.00103816170942
48,-0.00114959208065,578202704a72502143184c18,-0.00216096574484,0.199812956407,0.135225706862,0.664961336731,0.00101137366419
244,-0.000800176433386,578246e34a7250383670aa40,-0.00180881143793,0.247456210282,0.392673194799,0.359870594919,0.00100863500455
186,-0.00122370461563,578212a74a7250318f3d8a18,-0.00223172459246,0.230045713121,0.42224295898,0.347711327899,0.00100801997684
152,-0.000935121787066,57820f484a7250318e71fd41,-0.00193126203029,0.28480738968,0.166583094466,0.548609515855,0.000996140243222
9,-0.00104877066492,5781fe7d4a7250214490fafb,-0.00203874856458,0.193432409212,0.390830014949,0.415737575839,0.000989977899662
226,-0.00110254867369,578244e74a72503834a8d191,-0.00207348688497,0.371004517958,0.450817099592,0.17817838245,0.00097093821128
209,-0.000892710068082,578243284a72503834a8d18d,-0.00186252024326,0.278256478802,0.636676749504,0.0850667716936,0.000969810175174
52,-0.000947351475146,578202e24a72502143184c19,-0.00190472443884,0.0990452192352,0.519455746616,0.381499034149,0.000957372963697
81,-0.000883390886087,5782061b4a72502142286c37,-0.00183777499007,0.385602892089,0.192759014789,0.421638093123,0.000954384103982
179,-0.000940300707508,578211d14a7250318e71fd47,-0.00186966810338,0.399050250707,0.189727047542,0.41122270175,0.000929367395877
228,-0.00120659179736,5782452a4a7250383670aa3c,-0.00212695575489,0.40441610414,0.437751712677,0.157832183183,0.000920363957535
182,-0.00116292775122,578212394a7250318f3d8a17,-0.00207975824877,0.473397715321,0.288194855449,0.238407429231,0.000916830497551
204,-0.000969608983842,578242884a7250383670aa36,-0.00188153873189,0.30026058706,0.257487123351,0.442252289589,0.000911929748053
201,-0.00104617572101,5782424d4a72503834a8d18b,-0.00194300945839,0.0710435647652,0.432931118037,0.496025317198,0.000896833737382
252,-0.00102742078436,578247b94a7250383670aa42,-0.00191605722258,0.056122252079,0.423705172041,0.52017257588,0.000888636438219
32,-0.00081377452147,578200b04a72502143184c14,-0.00170127314209,0.345129916833,0.365068546985,0.289801536183,0.000887498620619
104,-0.000815201569802,57820a1e4a7250318e71fd35,-0.00170197353293,0.434475677408,0.346008484985,0.219515837607,0.000886771963127
154,-0.000992754051421,57820f4c4a7250318d1eb12d,-0.0018756122192,0.354612645383,0.418271735874,0.227115618743,0.00088285816778
203,-0.00077729017442,578242504a72503835bf9bf4,-0.00164788562862,0.348157559069,0.337046940641,0.31479550029,0.000870595454195
188,-0.000859342569701,578212e94a725031900cd80d,-0.00170610367578,0.235464288471,0.440284338963,0.324251372566,0.000846761106079
184,-0.000897886469347,5782127c4a725031900cd80c,-0.00174252769313,0.422701440675,0.38413194156,0.193166617766,0.000844641223779
206,-0.000906744400881,578242be4a72503835bf9bf5,-0.00174498210509,0.225796166517,0.700715359191,0.0734884742921,0.000838237704209
230,-0.000869096093945,578245544a72503835bf9bfb,-0.00170351136374,0.192059439663,0.472311616252,0.335628944084,0.000834415269796
11,-0.000595754589224,5781fe7e4a72502142286c25,-0.00142534786802,0.36232425798,0.627580597908,0.010095144112,0.000829593278794
155,-0.0012414985228,57820f4e4a7250318f3d8a10,-0.00206752917675,0.527941465936,0.408630480392,0.0634280536715,0.000826030653948
129,-0.00119716940594,57820cbb4a7250318f3d8a0a,-0.00200838149012,0.261533710286,0.105586405561,0.632879884154,0.000811212084174
5,-0.000827921537594,5781fe0a4a7250214490fafa,-0.00162894894917,0.347527182305,0.428523472542,0.223949345153,0.000801027411579
58,-0.00133783966325,578203ba4a7250214490fb07,-0.00213716159814,0.517974432174,0.109174202974,0.372851364852,0.000799321934887
112,-0.00115217864758,57820afe4a7250318e71fd37,-0.00192904246493,0.213707471945,0.0799818010944,0.706310726961,0.000776863817342
31,-0.00131019855243,578200b04a72502141cf4d90,-0.00207266531063,0.291798785625,0.426019611642,0.282181602732,0.000762466758194
35,-0.00111011606134,578201204a72502141cf4d91,-0.00186322359713,0.601275093015,0.145700690324,0.253024216661,0.000753107535796
220,-0.000992947876077,5782444b4a7250383670aa3a,-0.00171797176841,0.0698036512806,0.520421648385,0.409774700334,0.000725023892337
124,-0.00116961808066,57820c4c4a725031900cd7fd,-0.00189172313333,0.228749307037,0.384779805913,0.38647088705,0.000722105052678
68,-0.00101380420852,578204a84a72502143184c1d,-0.0017287977956,0.288884151184,0.170536947699,0.540578901117,0.000714993587082
42,-0.00110781484333,578201f74a7250214490fb03,-0.00180861738229,0.17028951018,0.182722910499,0.646987579321,0.000700802538961
213,-0.00127545942168,578243994a72503834a8d18e,-0.00197257787509,0.271929642123,0.467667569396,0.260402788482,0.000697118453408
177,-0.00134330802578,578211c44a7250318d1eb133,-0.00202994834948,0.322167941361,0.535931535203,0.141900523436,0.0006866403237
120,-0.00129010769278,57820bde4a7250318e71fd39,-0.00197539295004,0.257781885106,0.309133521435,0.433084593459,0.000685285257259
232,-0.00106141226773,578245994a7250383670aa3d,-0.00173942740052,0.346634538713,0.337816665448,0.315548795839,0.000678015132788
49,-0.00137638192687,578202a54a72502142286c2f,-0.00204514513515,0.342268430953,0.367644443291,0.290087125756,0.000668763208282
258,-0.00114980457535,5782484c4a72503837205c16,-0.00180628133746,0.27417800473,0.421987340958,0.303834654312,0.000656476762106
47,-0.00116695083809,5782026e4a72502141cf4d94,-0.00180175700783,0.263256302822,0.0926644099499,0.644079287228,0.000634806169743
80,-0.00124591897095,578205f14a72502143184c20,-0.00186596521163,0.0503388016239,0.504933149345,0.444728049032,0.000620046240685
167,-0.00146052482911,578210994a7250318f3d8a13,-0.00207416104324,0.37703742672,0.305290810676,0.317671762603,0.000613636214128
119,-0.000823405591154,57820b754a7250318d1eb124,-0.00143673017481,0.0497927302254,0.0861665503142,0.86404071946,0.00061332458366
98,-0.00126564312113,578207e94a7250214490fb11,-0.00187841336577,0.117190940695,0.6352233274,0.247585731905,0.000612770244639
141,-0.00118134561868,57820e054a725031900cd801,-0.00179273834434,0.324906596683,0.411886316287,0.26320708703,0.000611392725656
237,-0.00121770778454,5782462b4a72503837205c11,-0.00180553504175,0.417879546563,0.403030529301,0.179089924136,0.000587827257217
0,-0.00137777422743,5781fd954a7250214490faf9,-0.0019306518528,0.202686115606,0.563038472127,0.234275412267,0.000552877625372
55,-0.0013819946479,578203514a72502141cf4d96,-0.00193470770974,0.187175200955,0.221785722759,0.591039076286,0.000552713061831
7,-0.00158127926885,5781fe0c4a72502143184c0e,-0.0021337470162,0.079277708567,0.471893346976,0.448828944457,0.000552467747355
83,-0.0012756094078,578206564a7250214490fb0d,-0.0018197152069,0.169100387296,0.415779446831,0.415120165872,0.0005441057991
191,-0.00129602701658,578213184a7250318e71fd4a,-0.00183650311549,0.430113491134,0.444315291226,0.12557121764,0.000540476098911
88,-0.00157740374491,578206cc4a72502143184c22,-0.00210706577067,0.314135602025,0.418536296821,0.267328101154,0.000529662025763
36,-0.00117462570888,578201234a72502143184c15,-0.00170028230664,0.300591388178,0.361835170186,0.337573441636,0.000525656597767
105,-0.00150571503692,57820a234a725031900cd7f8,-0.00202465942678,0.13499767405,0.34438851114,0.52061381481,0.000518944389862
196,-0.0011774264657,578213c34a725031900cd80f,-0.00168433915781,0.393464057128,0.302798247798,0.303737695075,0.000506912692105
215,-0.00135472191983,578243a24a72503837205c0b,-0.00185805309903,0.327077452119,0.273488169475,0.399434378406,0.000503331179197
236,-0.00105278339393,578246074a7250383670aa3e,-0.00154874904024,0.428253851367,0.27782982863,0.293916320002,0.000495965646317
34,-0.00104079064915,5782011c4a7250214490fb01,-0.00153468693969,0.27908142141,0.114651206128,0.606267372462,0.000493896290538
26,-0.00139162501068,5782003f4a72502143184c13,-0.00187384857822,0.424302948972,0.176855724589,0.398841326439,0.000482223567537
8,-0.00139659153835,5781fe464a72502141cf4d8a,-0.00187656308039,0.285346174169,0.623950017391,0.0907038084398,0.000479971542037
128,-0.00167146632129,57820cba4a725031900cd7fe,-0.00212754155561,0.180505485777,0.255750099961,0.563744414262,0.00045607523432
241,-0.00125507956998,578246954a72503835bf9bfe,-0.00171084895982,0.0108812519118,0.568599624544,0.420519123544,0.000455769389844
147,-0.00151276994573,57820e734a7250318f3d8a0e,-0.00196628212266,0.393164690537,0.0898810179084,0.516954291554,0.00045351217693
122,-0.00134742255526,57820be04a725031900cd7fc,-0.00179987013073,0.372435992004,0.316454023747,0.311109984249,0.000452447575469
218,-0.00158145386993,5782440d4a72503835bf9bf8,-0.00203170488641,0.429642000445,0.206895555435,0.36346244412,0.000450251016473
90,-0.00157195945629,578207204a72502141cf4d9f,-0.0020213224838,0.333458768292,0.205756319935,0.460784911773,0.00044936302751
108,-0.00137064503687,57820a8f4a7250318e71fd36,-0.00181939757743,0.543767078315,0.311922700792,0.144310220893,0.000448752540557
117,-0.00158998627066,57820b6e4a7250318e71fd38,-0.00203455982178,0.023581308069,0.609828393627,0.366590298304,0.000444573551118
13,-0.00168696398781,5781feeb4a7250214490fafc,-0.0021301573233,0.486105020324,0.492723042799,0.0211719368768,0.000443193335489
212,-0.00157972247844,578243694a7250383670aa38,-0.0020226263531,0.317562894979,0.446014210878,0.236422894144,0.000442903874665
189,-0.00120507123851,578213094a7250318d1eb136,-0.00164083636001,0.0436400026389,0.491038598025,0.465321399337,0.000435765121505
125,-0.00171357779484,57820c4d4a7250318e71fd3a,-0.00214487091396,0.225549645095,0.698809825619,0.0756405292864,0.000431293119117
231,-0.00111816838903,5782455a4a72503834a8d192,-0.00154805216223,0.355632661809,0.430289543508,0.214077794683,0.000429883773195
248,-0.00146534999316,5782474e4a7250383670aa41,-0.00189258694016,0.306098251744,0.295361672535,0.398540075722,0.000427236946999
19,-0.00164768939278,5781ff5b4a72502142286c27,-0.00206867469874,0.273697207382,0.387681044717,0.338621747901,0.000420985305956
158,-0.00163807167114,57820fb84a7250318d1eb12e,-0.00205652021012,0.030151565722,0.519720818144,0.450127616134,0.000418448538985
63,-0.0016719677224,578204334a72502141cf4d98,-0.00208697780288,0.265479399671,0.381636783688,0.352883816641,0.000415010080479
171,-0.00108308017341,578210f64a7250318f3d8a14,-0.00149297616446,0.0033750747064,0.522158958792,0.474465966502,0.000409895991046
240,-0.00161159996024,578246754a7250383670aa3f,-0.00201048916135,0.492512571257,0.257844334485,0.249643094258,0.000398889201111
111,-0.00131877463323,57820a964a7250318d1eb122,-0.0017028069337,0.299732791665,0.361787941612,0.338479266723,0.000384032300473
87,-0.00143452272493,578206c34a7250214490fb0e,-0.00181828530749,0.0677611248601,0.317387310301,0.614851564839,0.000383762582554
94,-0.00143617138443,578207904a72502141cf4da0,-0.0018166330008,0.441864858066,0.239828288409,0.318306853525,0.000380461616365
169,-0.00159010150884,578210ee4a7250318d1eb131,-0.00196461361975,0.180993765731,0.456962115382,0.362044118886,0.000374512110907
161,-0.00159274152105,5782101d4a7250318e71fd43,-0.00196093446246,0.476673549234,0.351479081277,0.171847369489,0.000368192941414
21,-0.0014981171633,5781ffc94a7250214490fafe,-0.00186600019089,0.362133247363,0.415654229513,0.222212523124,0.000367883027589
224,-0.00152346591255,578244bc4a7250383670aa3b,-0.0018876625108,0.671304971109,0.135445460887,0.193249568004,0.000364196598252
132,-0.00164507248905,57820d294a725031900cd7ff,-0.00200611676167,0.392234293287,0.486958618848,0.120807087865,0.000361044272621
234,-0.00152020904145,578245c04a72503837205c10,-0.0018800823638,0.373999668937,0.176378379395,0.449621951668,0.000359873322346
195,-0.00157773162421,578213844a7250318e71fd4b,-0.00193702979753,0.304260664555,0.358489045128,0.337250290316,0.000359298173316
136,-0.00165954106846,57820d964a725031900cd800,-0.0020158189303,0.444186059966,0.0737960793427,0.482017860691,0.000356277861834
85,-0.00126073706075,578206884a72502142286c38,-0.00159777581251,0.0639220220832,0.388538395913,0.547539582003,0.000337038751752
254,-0.00172127616027,578247dd4a72503837205c15,-0.00205181641953,0.778050256641,0.127087357023,0.0948623863358,0.000330540259262
217,-0.00156325388956,578244094a72503834a8d18f,-0.00188033209656,0.424807894283,0.293524006146,0.281668099571,0.000317078207
144,-0.00146498952448,57820e714a7250318d1eb12b,-0.00177702795405,0.215567466182,0.716203438191,0.0682290956265,0.000312038429564
54,-0.00164138772043,5782034a4a7250214490fb06,-0.00194997767934,0.420531730009,0.285546249879,0.293922020112,0.000308589958906
194,-0.00166372632451,5782137f4a7250318f3d8a1a,-0.00196977874467,0.169665949979,0.344230594859,0.486103455162,0.000306052420166
173,-0.00184370337512,578211594a7250318d1eb132,-0.0021441371299,0.178977653303,0.592069472035,0.228952874662,0.000300433754775
223,-0.00149514817521,5782447c4a72503835bf9bf9,-0.00179478344451,0.374150789449,0.23623436984,0.389614840711,0.0002996352693
2,-0.00138776226467,5781fd954a72502142286c23,-0.00168669242066,0.463815294569,0.260258632717,0.275926072714,0.00029893015599
170,-0.00159953509925,578210f44a7250318e71fd45,-0.00188485483085,0.164276040403,0.37888660146,0.456837358137,0.000285319731599
143,-0.00169846091029,57820e064a7250318f3d8a0d,-0.00197809603761,0.154535301434,0.632623579271,0.212841119295,0.000279635127321
145,-0.00155347505025,57820e714a7250318e71fd3f,-0.00183196157098,0.0581554939422,0.579301422544,0.362543083514,0.000278486520731
14,-0.00178751350883,5781feec4a72502142286c26,-0.00205735108263,0.418946942026,0.281189096064,0.299863961911,0.000269837573806
101,-0.00152970657393,578209b04a725031900cd7f7,-0.00178236389928,0.499097152917,0.414696119338,0.0862067277455,0.000252657325345
75,-0.00133045351674,5782057a4a7250214490fb0b,-0.00158204572933,0.237777239404,0.304928773119,0.457293987477,0.000251592212591
76,-0.00159320286221,578205844a72502143184c1f,-0.00183399441956,0.605883477381,0.301502302183,0.0926142204357,0.000240791557357
126,-0.00124811237486,57820c4e4a7250318f3d8a09,-0.00148635069826,0.229111223756,0.168841605112,0.602047171132,0.000238238323399
235,-0.00171156319867,578245cd4a72503834a8d193,-0.00193437535161,0.324625573101,0.311021017764,0.364353409135,0.000222812152938
160,-0.00182297942459,578210164a7250318d1eb12f,-0.00202217812347,0.0020241297425,0.544201864981,0.453774005276,0.000199198698878
131,-0.00162733099316,57820cbd4a7250318d1eb127,-0.00179740992499,0.0552649522123,0.0835871043634,0.861147943424,0.000170078931835
133,-0.00187971912921,57820d2a4a7250318f3d8a0b,-0.0020408510267,0.737898878155,0.249417657565,0.01268346428,0.000161131897492
24,-0.00165908850626,5781ffce4a72502142286c28,-0.00180578915195,0.274556484154,0.0865327150319,0.638910800814,0.000146700645683
221,-0.0018322193166,578244774a72503834a8d190,-0.00196680409856,0.58519654439,0.197703805538,0.217099650072,0.000134584781961
180,-0.00183007234346,5782120f4a725031900cd80b,-0.00195793661449,0.427609423373,0.290382057358,0.282008519269,0.000127864271032
238,-0.00166013276818,5782462b4a72503835bf9bfd,-0.00177537225343,0.295793820755,0.366730695995,0.33747548325,0.000115239485245
148,-0.00175052188756,57820edd4a7250318e71fd40,-0.00186029707304,0.678704480159,0.259433709045,0.0618618107955,0.000109775185485
253,-0.00183060163839,578247d94a72503835bf9c01,-0.00193172494591,0.398968492182,0.0810022270287,0.52002928079,0.000101123307517
70,-0.00182888450797,578205084a7250214490fb0a,-0.00192970365679,0.107079761529,0.0933720931938,0.799548145277,0.000100819148825
44,-0.00169623327213,578201ff4a72502143184c17,-0.00179193203191,0.57559740381,0.288239664906,0.136162931284,9.56987597799e-05
66,-0.00192956523645,578204964a7250214490fb09,-0.00202206409965,0.344101061887,0.25004395775,0.405854980363,9.24988632025e-05
214,-0.00143032917436,5782439d4a72503835bf9bf7,-0.00151145796045,0.0263752824944,0.348762982301,0.624861735204,8.1128786087e-05
159,-0.00163752171534,57820fbc4a7250318f3d8a11,-0.00170138597184,0.300924168164,0.314168678016,0.384907153821,6.38642564928e-05
157,-0.00186255943455,57820fb64a725031900cd805,-0.00190980387832,0.65901463873,0.0696602504172,0.271325110852,4.72444437757e-05
84,-0.00195798880605,5782065e4a72502143184c21,-0.00199731507279,0.494407946847,0.0958991902642,0.409692862889,3.93262667339e-05
95,-0.00193596102934,578207a14a7250214490fb10,-0.00193124913874,0.395968832078,0.127900286351,0.476130881571,-4.71189059603e-06
25,-0.0016423234909,5782003c4a7250214490faff,-0.00163562711651,0.638298855986,0.0892938030805,0.272407340934,-6.69637439404e-06
227,-0.00168816302133,578244ea4a72503835bf9bfa,-0.00167339446852,0.615265528323,0.198086679942,0.186647791735,-1.47685528155e-05
73,-0.00204483321794,578205434a72502142286c35,-0.00202930505352,0.169122405385,0.25612382604,0.574753768575,-1.55281644285e-05
106,-0.00183456395605,57820a244a7250318f3d8a04,-0.00181345774521,0.406553012716,0.400964610484,0.1924823768,-2.11062108343e-05
74,-0.00168515143533,5782056c4a72502141cf4d9b,-0.00166239120617,0.00293093605391,0.757657974933,0.239411089013,-2.27602291573e-05
187,-0.00202327951071,578212aa4a7250318e71fd49,-0.001993168473,0.436633847975,0.379198903578,0.184167248447,-3.0111037711e-05
78,-0.00169322406501,578205d84a72502141cf4d9c,-0.00166233912149,0.151151029678,0.134762565935,0.714086404387,-3.08849435206e-05
100,-0.00197030449746,578209af4a7250318e71fd34,-0.00192998879864,0.153111710538,0.548844999344,0.298043290118,-4.0315698815e-05
62,-0.00198670935922,578204274a7250214490fb08,-0.00193511456527,0.0488941285635,0.772466774011,0.178639097425,-5.15947939451e-05
210,-0.00211386429531,5782432d4a72503837205c0a,-0.00205830842519,0.530606562447,0.144011648203,0.325381789351,-5.55558701293e-05
225,-0.00187400504132,578244e54a72503837205c0e,-0.00181756210224,0.0641185651696,0.680143445545,0.255737989285,-5.64429390792e-05
65,-0.00214313805474,578204674a72502142286c33,-0.00207879810947,0.281100332524,0.495787404678,0.223112262798,-6.43399452736e-05
61,-0.00211624230713,578203f64a72502142286c32,-0.00205015887136,0.755798160116,0.165207384588,0.0789944552956,-6.60834357754e-05
140,-0.00189117165506,57820e044a7250318d1eb12a,-0.00182155465512,0.216284982221,0.481031436971,0.302683580807,-6.96169999489e-05
229,-0.00187907106338,578245544a72503837205c0f,-0.00180919674684,0.676861111313,0.248801470788,0.0743374178994,-6.98743165354e-05
29,-0.00180416253237,578200ab4a7250214490fb00,-0.00173365339058,0.0200906913602,0.467319433812,0.512589874827,-7.05091417893e-05
109,-0.00183055298448,57820a914a725031900cd7f9,-0.0017393663124,0.367303754837,0.139542703772,0.493153541391,-9.11866720785e-05
257,-0.00181623399046,578248474a72503835bf9c02,-0.00171462819266,0.0693792088549,0.563476172548,0.367144618597,-0.000101605797793
86,-0.00171964012818,578206ad4a72502141cf4d9e,-0.00161648249758,0.0568787163556,0.365149377033,0.577971906611,-0.000103157630599
82,-0.00215837762754,578206434a72502141cf4d9d,-0.00204764812735,0.527645996965,0.0865817151749,0.38577228786,-0.000110729500183
60,-0.00184567099198,578203c64a72502143184c1b,-0.00172988074824,0.403437241548,0.121718058941,0.474844699511,-0.000115790243738
113,-0.00192178387146,57820b004a7250318f3d8a06,-0.00180211809765,0.382777552019,0.256857109118,0.360365338863,-0.000119665773808
259,-0.00187562895106,578248674a72503834a8d199,-0.00174623235219,0.417841143442,0.253268849161,0.328890007396,-0.000129396598873
20,-0.00205486715757,5781ff5b4a72502141cf4d8d,-0.00191927896786,0.341403137743,0.428788157956,0.229808704301,-0.000135588189704
89,-0.00206672391393,578206f74a72502142286c39,-0.00192542196788,0.206518428646,0.373278357722,0.420203213632,-0.000141301946049
123,-0.00196909660261,57820be34a7250318d1eb125,-0.0018120822523,0.0684983268346,0.563589279164,0.367912394001,-0.000157014350311
27,-0.00183255751618,578200404a72502142286c29,-0.00167151486484,0.520020752653,0.0281132742796,0.451865973067,-0.000161042651338
116,-0.00205841128433,57820b6d4a7250318f3d8a07,-0.00189447841176,0.623098152859,0.309642668319,0.0672591788217,-0.000163932872579
205,-0.00199052276616,578242bb4a72503834a8d18c,-0.00181586752645,0.497061304321,0.0228927317504,0.480045963929,-0.000174655239713
149,-0.00215454840858,57820ede4a7250318d1eb12c,-0.00193720821462,0.212565816032,0.231804253095,0.555629930873,-0.000217340193966
118,-0.0020583769668,57820b714a725031900cd7fb,-0.00183261708719,0.391632535967,0.0598485701186,0.548518893914,-0.000225759879617
97,-0.00239632785258,578207d44a72502142286c3b,-0.00216729063935,0.112448838815,0.527801894593,0.359749266593,-0.000229037213232
199,-0.00218116996265,578213e74a7250318e71fd4c,-0.00194469344079,0.201698526959,0.512403519895,0.285897953145,-0.000236476521855
91,-0.00222892566995,5782073a4a7250214490fb0f,-0.00198843236839,0.4915413964,0.259403317746,0.249055285853,-0.000240493301554
6,-0.00222904492138,5781fe0b4a72502142286c24,-0.00197771044923,0.566441324782,0.180407695814,0.253150979405,-0.000251334472144
93,-0.00226100985661,5782076b4a72502142286c3a,-0.00199618475971,0.533337999853,0.398811807066,0.0678501930811,-0.000264825096895
165,-0.00215176355576,578210834a7250318d1eb130,-0.0018793602102,0.334856609912,0.238346206913,0.426797183175,-0.000272403345564
77,-0.00230876497182,578205b04a72502142286c36,-0.00201960111531,0.2617653737,0.160881952787,0.577352673513,-0.000289163856516
79,-0.00235670132882,578205e94a7250214490fb0c,-0.00205203146011,0.532422165303,0.411986862331,0.0555909723668,-0.000304669868709
38,-0.00225898407633,5782018a4a7250214490fb02,-0.00192003028598,0.198805166784,0.714823762642,0.0863710705733,-0.000338953790353
17,-0.00245615170937,5781ff584a7250214490fafd,-0.0020325686384,0.135646184368,0.444305382884,0.420048432748,-0.00042358307097
3,-0.00258703915173,5781fd964a72502143184c0d,-0.00211540216594,0.0967360796599,0.458268517351,0.444995402989,-0.000471636985792
99,-0.00238301550614,578207fa4a72502143184c25,-0.00190582694939,0.0794746948407,0.515858783713,0.404666521446,-0.000477188556754
30,-0.00229680193538,578200af4a72502142286c2a,-0.00175952258276,0.12748028185,0.507650431401,0.364869286748,-0.00053727935262
69,-0.00237732362866,578204d54a72502142286c34,-0.00183338123114,0.345906381933,0.497695029308,0.156398588759,-0.000543942397514
72,-0.00214787991279,578205164a72502143184c1e,-0.00157817335377,0.0204379559323,0.301789711726,0.677772332342,-0.000569706559015
142,-0.00251309322322,57820e054a7250318e71fd3e,-0.00192276558998,0.353110046777,0.0102235437558,0.636666409467,-0.000590327633237
37,-0.00217546665629,578201564a72502142286c2c,-0.00158199905771,0.376485295806,0.222339494236,0.401175209958,-0.000593467598578
256,-0.00234171653522,578248264a7250383670aa43,-0.00172536965178,0.0461732448818,0.340763971456,0.613062783663,-0.000616346883436
23,-0.00289019428229,5781ffce4a72502141cf4d8e,-0.0022565826479,0.684766006796,0.246705877287,0.0685281159165,-0.000633611634391
115,-0.00231593169766,57820b064a7250318d1eb123,-0.00168044476323,0.308222275255,0.187527886424,0.504249838321,-0.000635486934434
59,-0.00250559469392,578203c24a72502141cf4d97,-0.00186374495847,0.136757820417,0.771170025129,0.0920721544541,-0.000641849735443
43,-0.0026630746702,578201fd4a72502141cf4d93,-0.00200991347439,0.138497349069,0.632950178851,0.228552472081,-0.000653161195818
255,-0.00251303640896,578247f54a72503834a8d198,-0.00182666325081,0.668253105358,0.152231992799,0.179514901843,-0.000686373158155
107,-0.00217017121773,57820a274a7250318d1eb121,-0.00148372165966,0.0241561841013,0.254200821143,0.721642994756,-0.000686449558072
245,-0.00272984085698,578247014a72503835bf9bff,-0.00200211096903,0.461414462259,0.135996105704,0.402589432037,-0.000727729887949
53,-0.00265854645831,578203164a72502142286c30,-0.00184474228116,0.708443252482,0.0450027063008,0.246554041217,-0.000813804177146
46,-0.00265938691752,578202654a7250214490fb04,-0.00181947313253,0.01450667005,0.783436860855,0.202056469095,-0.000839913784987
10,-0.00254097783231,5781fe7e4a72502143184c0f,-0.00168824659868,0.398402328955,0.101067900491,0.500529770554,-0.000852731233637
251,-0.0027582973903,578247874a72503834a8d197,-0.00174992390528,0.115574554073,0.359507231056,0.524918214871,-0.00100837348502
110,-0.00298170116802,57820a934a7250318f3d8a05,-0.00179867359113,0.358164868227,0.230110584295,0.411724547478,-0.00118302757688
190,-0.00307894115319,578213134a7250318f3d8a19,-0.00186432505587,0.335115411919,0.382634293198,0.282250294883,-0.00121461609733
103,-0.00333665609767,578209b34a7250318d1eb120,-0.00194370014054,0.230089110662,0.281889807486,0.488021081852,-0.00139295595713
121,-0.0034245016419,57820bdf4a7250318f3d8a08,-0.00183606253396,0.456685108135,0.0712781016428,0.472036790222,-0.00158843910794
200,,578242194a7250383670aa35,-0.00278882597827,0.467558929924,0.00868188964467,0.523759180431,
